[{"model": "admin.logentry", "pk": 1, "fields": {"action_time": "2025-07-07T18:52:35.507Z", "user": 2, "content_type": 7, "object_id": "50a0c82f-ec5e-400e-94b3-76990ded390a", "object_repr": "ring", "action_flag": 1, "change_message": "[{\"added\": {}}]"}}, {"model": "admin.logentry", "pk": 2, "fields": {"action_time": "2025-07-07T18:52:53.297Z", "user": 2, "content_type": 8, "object_id": "8b1192ea-adc8-4566-9094-ef8f1eb4ec61", "object_repr": "silver-ring", "action_flag": 1, "change_message": "[{\"added\": {}}]"}}, {"model": "admin.logentry", "pk": 3, "fields": {"action_time": "2025-07-07T18:53:28.624Z", "user": 2, "content_type": 8, "object_id": "8b1192ea-adc8-4566-9094-ef8f1eb4ec61", "object_repr": "silver-ring", "action_flag": 3, "change_message": ""}}, {"model": "admin.logentry", "pk": 4, "fields": {"action_time": "2025-07-07T18:53:39.272Z", "user": 2, "content_type": 7, "object_id": "50a0c82f-ec5e-400e-94b3-76990ded390a", "object_repr": "ring", "action_flag": 3, "change_message": ""}}, {"model": "admin.logentry", "pk": 5, "fields": {"action_time": "2025-07-10T14:21:03.939Z", "user": 2, "content_type": 6, "object_id": "6", "object_repr": "romeo@gmail.com", "action_flag": 2, "change_message": "[{\"changed\": {\"fields\": [\"password\"]}}]"}}, {"model": "admin.logentry", "pk": 6, "fields": {"action_time": "2025-07-10T14:41:41.697Z", "user": 7, "content_type": 9, "object_id": "d046d991-5d0f-421a-bc5e-536ad74da081", "object_repr": "kdsdbvsdbvd", "action_flag": 2, "change_message": "[{\"changed\": {\"fields\": [\"Image url\"]}}]"}}, {"model": "admin.logentry", "pk": 7, "fields": {"action_time": "2025-07-10T15:24:46.457Z", "user": 7, "content_type": 14, "object_id": "fe073ac7-3609-44aa-b031-c5634ae43b7b", "object_repr": "Review fe073ac7-3609-44aa-b031-c5634ae43b7b for Item Classic Gold Wedding Band by User 123@gmail.com", "action_flag": 1, "change_message": "[{\"added\": {}}]"}}, {"model": "admin.logentry", "pk": 8, "fields": {"action_time": "2025-07-10T15:30:25.308Z", "user": 7, "content_type": 14, "object_id": "53eb9b47-b204-4997-8db1-ce238d76941b", "object_repr": "Review 53eb9b47-b204-4997-8db1-ce238d76941b for Item Classic Gold Wedding Band by User sourishchandra08@gmail.com", "action_flag": 1, "change_message": "[{\"added\": {}}]"}}, {"model": "admin.logentry", "pk": 9, "fields": {"action_time": "2025-07-10T15:36:48.253Z", "user": 7, "content_type": 14, "object_id": "0d6aa701-644a-4dea-b0f3-6b7313c4459e", "object_repr": "Review 0d6aa701-644a-4dea-b0f3-6b7313c4459e for Item kdsdbvsdbvd by User romeo@gmail.com", "action_flag": 3, "change_message": ""}}, {"model": "admin.logentry", "pk": 10, "fields": {"action_time": "2025-07-10T15:52:23.198Z", "user": 7, "content_type": 6, "object_id": "6", "object_repr": "romeo@gmail.com", "action_flag": 2, "change_message": "[{\"changed\": {\"fields\": [\"Role\"]}}]"}}, {"model": "admin.logentry", "pk": 11, "fields": {"action_time": "2025-07-10T18:53:55.260Z", "user": 7, "content_type": 6, "object_id": "6", "object_repr": "romeo@gmail.com", "action_flag": 2, "change_message": "[{\"changed\": {\"fields\": [\"Role\"]}}]"}}, {"model": "admin.logentry", "pk": 12, "fields": {"action_time": "2025-07-10T20:17:47.418Z", "user": 7, "content_type": 13, "object_id": "fd6d93d0-ecfb-4df3-96fe-0f2610e2f744", "object_repr": "OrderItem fd6d93d0-ecfb-4df3-96fe-0f2610e2f744 in Order 9d146fd3-e812-45a0-a98c-c0821364fe30", "action_flag": 3, "change_message": ""}}, {"model": "admin.logentry", "pk": 13, "fields": {"action_time": "2025-07-10T20:17:47.418Z", "user": 7, "content_type": 13, "object_id": "75350c2b-8930-4f23-a92e-83ddfce8dec4", "object_repr": "OrderItem 75350c2b-8930-4f23-a92e-83ddfce8dec4 in Order 2925d07c-914b-4a89-a8f2-54f599b86241", "action_flag": 3, "change_message": ""}}, {"model": "admin.logentry", "pk": 14, "fields": {"action_time": "2025-07-10T20:17:54.846Z", "user": 7, "content_type": 12, "object_id": "9d146fd3-e812-45a0-a98c-c0821364fe30", "object_repr": "Order 9d146fd3-e812-45a0-a98c-c0821364fe30 for User 123@gmail.com", "action_flag": 3, "change_message": ""}}, {"model": "admin.logentry", "pk": 15, "fields": {"action_time": "2025-07-10T20:17:54.846Z", "user": 7, "content_type": 12, "object_id": "2925d07c-914b-4a89-a8f2-54f599b86241", "object_repr": "Order 2925d07c-914b-4a89-a8f2-54f599b86241 for User romeo@gmail.com", "action_flag": 3, "change_message": ""}}, {"model": "admin.logentry", "pk": 16, "fields": {"action_time": "2025-07-10T20:21:59.493Z", "user": 7, "content_type": 6, "object_id": "2", "object_repr": "cse22100@gmail.com", "action_flag": 2, "change_message": "[{\"changed\": {\"fields\": [\"Role\"]}}]"}}, {"model": "admin.logentry", "pk": 17, "fields": {"action_time": "2025-07-10T20:22:54.159Z", "user": 7, "content_type": 6, "object_id": "6", "object_repr": "romeo@gmail.com", "action_flag": 2, "change_message": "[{\"changed\": {\"fields\": [\"Role\"]}}]"}}, {"model": "admin.logentry", "pk": 18, "fields": {"action_time": "2025-07-10T20:24:11.685Z", "user": 7, "content_type": 6, "object_id": "6", "object_repr": "romeo@gmail.com", "action_flag": 2, "change_message": "[{\"changed\": {\"fields\": [\"Role\"]}}]"}}, {"model": "admin.logentry", "pk": 19, "fields": {"action_time": "2025-07-10T20:46:47.514Z", "user": 7, "content_type": 12, "object_id": "09d183a0-ab95-4c03-870b-c903f8b05d50", "object_repr": "Order 09d183a0-ab95-4c03-870b-c903f8b05d50 for User romeo@gmail.com", "action_flag": 2, "change_message": "[{\"changed\": {\"fields\": [\"Status\"]}}]"}}, {"model": "admin.logentry", "pk": 20, "fields": {"action_time": "2025-07-10T20:47:39.909Z", "user": 7, "content_type": 12, "object_id": "09d183a0-ab95-4c03-870b-c903f8b05d50", "object_repr": "Order 09d183a0-ab95-4c03-870b-c903f8b05d50 for User romeo@gmail.com", "action_flag": 2, "change_message": "[{\"changed\": {\"fields\": [\"Status\"]}}]"}}, {"model": "admin.logentry", "pk": 21, "fields": {"action_time": "2025-07-10T20:50:25.213Z", "user": 7, "content_type": 12, "object_id": "09d183a0-ab95-4c03-870b-c903f8b05d50", "object_repr": "Order 09d183a0-ab95-4c03-870b-c903f8b05d50 for User romeo@gmail.com", "action_flag": 2, "change_message": "[{\"changed\": {\"fields\": [\"Status\"]}}]"}}, {"model": "auth.permission", "pk": 1, "fields": {"name": "Can add log entry", "content_type": 1, "codename": "add_logentry"}}, {"model": "auth.permission", "pk": 2, "fields": {"name": "Can change log entry", "content_type": 1, "codename": "change_logentry"}}, {"model": "auth.permission", "pk": 3, "fields": {"name": "Can delete log entry", "content_type": 1, "codename": "delete_logentry"}}, {"model": "auth.permission", "pk": 4, "fields": {"name": "Can view log entry", "content_type": 1, "codename": "view_logentry"}}, {"model": "auth.permission", "pk": 5, "fields": {"name": "Can add permission", "content_type": 2, "codename": "add_permission"}}, {"model": "auth.permission", "pk": 6, "fields": {"name": "Can change permission", "content_type": 2, "codename": "change_permission"}}, {"model": "auth.permission", "pk": 7, "fields": {"name": "Can delete permission", "content_type": 2, "codename": "delete_permission"}}, {"model": "auth.permission", "pk": 8, "fields": {"name": "Can view permission", "content_type": 2, "codename": "view_permission"}}, {"model": "auth.permission", "pk": 9, "fields": {"name": "Can add group", "content_type": 3, "codename": "add_group"}}, {"model": "auth.permission", "pk": 10, "fields": {"name": "Can change group", "content_type": 3, "codename": "change_group"}}, {"model": "auth.permission", "pk": 11, "fields": {"name": "Can delete group", "content_type": 3, "codename": "delete_group"}}, {"model": "auth.permission", "pk": 12, "fields": {"name": "Can view group", "content_type": 3, "codename": "view_group"}}, {"model": "auth.permission", "pk": 13, "fields": {"name": "Can add content type", "content_type": 4, "codename": "add_contenttype"}}, {"model": "auth.permission", "pk": 14, "fields": {"name": "Can change content type", "content_type": 4, "codename": "change_contenttype"}}, {"model": "auth.permission", "pk": 15, "fields": {"name": "Can delete content type", "content_type": 4, "codename": "delete_contenttype"}}, {"model": "auth.permission", "pk": 16, "fields": {"name": "Can view content type", "content_type": 4, "codename": "view_contenttype"}}, {"model": "auth.permission", "pk": 17, "fields": {"name": "Can add session", "content_type": 5, "codename": "add_session"}}, {"model": "auth.permission", "pk": 18, "fields": {"name": "Can change session", "content_type": 5, "codename": "change_session"}}, {"model": "auth.permission", "pk": 19, "fields": {"name": "Can delete session", "content_type": 5, "codename": "delete_session"}}, {"model": "auth.permission", "pk": 20, "fields": {"name": "Can view session", "content_type": 5, "codename": "view_session"}}, {"model": "auth.permission", "pk": 21, "fields": {"name": "Can add custom user", "content_type": 6, "codename": "add_customuser"}}, {"model": "auth.permission", "pk": 22, "fields": {"name": "Can change custom user", "content_type": 6, "codename": "change_customuser"}}, {"model": "auth.permission", "pk": 23, "fields": {"name": "Can delete custom user", "content_type": 6, "codename": "delete_customuser"}}, {"model": "auth.permission", "pk": 24, "fields": {"name": "Can view custom user", "content_type": 6, "codename": "view_customuser"}}, {"model": "auth.permission", "pk": 25, "fields": {"name": "Can add category", "content_type": 7, "codename": "add_category"}}, {"model": "auth.permission", "pk": 26, "fields": {"name": "Can change category", "content_type": 7, "codename": "change_category"}}, {"model": "auth.permission", "pk": 27, "fields": {"name": "Can delete category", "content_type": 7, "codename": "delete_category"}}, {"model": "auth.permission", "pk": 28, "fields": {"name": "Can view category", "content_type": 7, "codename": "view_category"}}, {"model": "auth.permission", "pk": 29, "fields": {"name": "Can add subcategory", "content_type": 8, "codename": "add_subcategory"}}, {"model": "auth.permission", "pk": 30, "fields": {"name": "Can change subcategory", "content_type": 8, "codename": "change_subcategory"}}, {"model": "auth.permission", "pk": 31, "fields": {"name": "Can delete subcategory", "content_type": 8, "codename": "delete_subcategory"}}, {"model": "auth.permission", "pk": 32, "fields": {"name": "Can view subcategory", "content_type": 8, "codename": "view_subcategory"}}, {"model": "auth.permission", "pk": 33, "fields": {"name": "Can add jewelry item", "content_type": 9, "codename": "add_jewelryitem"}}, {"model": "auth.permission", "pk": 34, "fields": {"name": "Can change jewelry item", "content_type": 9, "codename": "change_jewelryitem"}}, {"model": "auth.permission", "pk": 35, "fields": {"name": "Can delete jewelry item", "content_type": 9, "codename": "delete_jewelryitem"}}, {"model": "auth.permission", "pk": 36, "fields": {"name": "Can view jewelry item", "content_type": 9, "codename": "view_jewelryitem"}}, {"model": "auth.permission", "pk": 37, "fields": {"name": "Can add cart", "content_type": 10, "codename": "add_cart"}}, {"model": "auth.permission", "pk": 38, "fields": {"name": "Can change cart", "content_type": 10, "codename": "change_cart"}}, {"model": "auth.permission", "pk": 39, "fields": {"name": "Can delete cart", "content_type": 10, "codename": "delete_cart"}}, {"model": "auth.permission", "pk": 40, "fields": {"name": "Can view cart", "content_type": 10, "codename": "view_cart"}}, {"model": "auth.permission", "pk": 41, "fields": {"name": "Can add cart item", "content_type": 11, "codename": "add_cartitem"}}, {"model": "auth.permission", "pk": 42, "fields": {"name": "Can change cart item", "content_type": 11, "codename": "change_cartitem"}}, {"model": "auth.permission", "pk": 43, "fields": {"name": "Can delete cart item", "content_type": 11, "codename": "delete_cartitem"}}, {"model": "auth.permission", "pk": 44, "fields": {"name": "Can view cart item", "content_type": 11, "codename": "view_cartitem"}}, {"model": "auth.permission", "pk": 45, "fields": {"name": "Can add order", "content_type": 12, "codename": "add_order"}}, {"model": "auth.permission", "pk": 46, "fields": {"name": "Can change order", "content_type": 12, "codename": "change_order"}}, {"model": "auth.permission", "pk": 47, "fields": {"name": "Can delete order", "content_type": 12, "codename": "delete_order"}}, {"model": "auth.permission", "pk": 48, "fields": {"name": "Can view order", "content_type": 12, "codename": "view_order"}}, {"model": "auth.permission", "pk": 49, "fields": {"name": "Can add order item", "content_type": 13, "codename": "add_orderitem"}}, {"model": "auth.permission", "pk": 50, "fields": {"name": "Can change order item", "content_type": 13, "codename": "change_orderitem"}}, {"model": "auth.permission", "pk": 51, "fields": {"name": "Can delete order item", "content_type": 13, "codename": "delete_orderitem"}}, {"model": "auth.permission", "pk": 52, "fields": {"name": "Can view order item", "content_type": 13, "codename": "view_orderitem"}}, {"model": "auth.permission", "pk": 53, "fields": {"name": "Can add review", "content_type": 14, "codename": "add_review"}}, {"model": "auth.permission", "pk": 54, "fields": {"name": "Can change review", "content_type": 14, "codename": "change_review"}}, {"model": "auth.permission", "pk": 55, "fields": {"name": "Can delete review", "content_type": 14, "codename": "delete_review"}}, {"model": "auth.permission", "pk": 56, "fields": {"name": "Can view review", "content_type": 14, "codename": "view_review"}}, {"model": "auth.permission", "pk": 57, "fields": {"name": "Can add notices", "content_type": 15, "codename": "add_notices"}}, {"model": "auth.permission", "pk": 58, "fields": {"name": "Can change notices", "content_type": 15, "codename": "change_notices"}}, {"model": "auth.permission", "pk": 59, "fields": {"name": "Can delete notices", "content_type": 15, "codename": "delete_notices"}}, {"model": "auth.permission", "pk": 60, "fields": {"name": "Can view notices", "content_type": 15, "codename": "view_notices"}}, {"model": "auth.permission", "pk": 61, "fields": {"name": "Can add Gold Price", "content_type": 16, "codename": "add_goldprice"}}, {"model": "auth.permission", "pk": 62, "fields": {"name": "Can change Gold Price", "content_type": 16, "codename": "change_goldprice"}}, {"model": "auth.permission", "pk": 63, "fields": {"name": "Can delete Gold Price", "content_type": 16, "codename": "delete_goldprice"}}, {"model": "auth.permission", "pk": 64, "fields": {"name": "Can view Gold Price", "content_type": 16, "codename": "view_goldprice"}}, {"model": "contenttypes.contenttype", "pk": 1, "fields": {"app_label": "admin", "model": "logentry"}}, {"model": "contenttypes.contenttype", "pk": 2, "fields": {"app_label": "auth", "model": "permission"}}, {"model": "contenttypes.contenttype", "pk": 3, "fields": {"app_label": "auth", "model": "group"}}, {"model": "contenttypes.contenttype", "pk": 4, "fields": {"app_label": "contenttypes", "model": "contenttype"}}, {"model": "contenttypes.contenttype", "pk": 5, "fields": {"app_label": "sessions", "model": "session"}}, {"model": "contenttypes.contenttype", "pk": 6, "fields": {"app_label": "accounts", "model": "customuser"}}, {"model": "contenttypes.contenttype", "pk": 7, "fields": {"app_label": "api", "model": "category"}}, {"model": "contenttypes.contenttype", "pk": 8, "fields": {"app_label": "api", "model": "subcategory"}}, {"model": "contenttypes.contenttype", "pk": 9, "fields": {"app_label": "api", "model": "jewelryitem"}}, {"model": "contenttypes.contenttype", "pk": 10, "fields": {"app_label": "api", "model": "cart"}}, {"model": "contenttypes.contenttype", "pk": 11, "fields": {"app_label": "api", "model": "cartitem"}}, {"model": "contenttypes.contenttype", "pk": 12, "fields": {"app_label": "api", "model": "order"}}, {"model": "contenttypes.contenttype", "pk": 13, "fields": {"app_label": "api", "model": "orderitem"}}, {"model": "contenttypes.contenttype", "pk": 14, "fields": {"app_label": "api", "model": "review"}}, {"model": "contenttypes.contenttype", "pk": 15, "fields": {"app_label": "api", "model": "notices"}}, {"model": "contenttypes.contenttype", "pk": 16, "fields": {"app_label": "gold", "model": "goldprice"}}, {"model": "sessions.session", "pk": "a805rdgyg21d1suu0hhq5o4pinfvzpir", "fields": {"session_data": ".eJxVjDsOwjAQBe_iGllZ28QOJT1nsNb7IQEUS3FSIe6OIqWA9s3Me5uM2zrmrcmSJzYXE83pdytIT5l3wA-c79VSnddlKnZX7EGbvVWW1_Vw_w5GbONeM2nvOZYkwQeXOomM0PXgQTUgECFIn1QRBsdyJioRkroiITqPg_l8AQfCOL4:1uZsai:daBjCfiyoYvCQ-m0R7ywMJmEffQmSosFhkJdTSCx2rM", "expire_date": "2025-07-24T14:49:40.686Z"}}, {"model": "sessions.session", "pk": "k8w1b2drgjv5p4t8zvxerckrxzohxhpn", "fields": {"session_data": ".eJxVjDsOwjAQBe_iGllZ28QOJT1nsNb7IQEUS3FSIe6OIqWA9s3Me5uM2zrmrcmSJzYXE83pdytIT5l3wA-c79VSnddlKnZX7EGbvVWW1_Vw_w5GbONeM2nvOZYkwQeXOomM0PXgQTUgECFIn1QRBsdyJioRkroiITqPg_l8AQfCOL4:1uaAce:0PlGTkqoxHC4_4-dQIR6mIolONGyiFIDLmCBwt9fLxE", "expire_date": "2025-07-25T10:04:52.950Z"}}, {"model": "sessions.session", "pk": "lprxwu9nyp8l9fw8ce6zaqw903nw6jql", "fields": {"session_data": ".eJxVjDsOwjAQBe_iGllZ28QOJT1nsNb7IQEUS3FSIe6OIqWA9s3Me5uM2zrmrcmSJzYXE83pdytIT5l3wA-c79VSnddlKnZX7EGbvVWW1_Vw_w5GbONeM2nvOZYkwQeXOomM0PXgQTUgECFIn1QRBsdyJioRkroiITqPg_l8AQfCOL4:1uZtTc:6EUT4gXFhJZmnvGUPUFsgz3ab7WY1Tz6K1bKXG9rOpU", "expire_date": "2025-07-24T15:46:24.386Z"}}, {"model": "api.category", "pk": "a8870dc9-adbc-481f-97a6-7e1b0b9fded8", "fields": {"name": "Ring", "description": "Ring You know", "slug": "Ring"}}, {"model": "api.category", "pk": "b9062202-0d46-4126-a478-d5a9f085d1a4", "fields": {"name": "Bracelets", "description": "Stylish bracelets and bangles", "slug": "bracelets"}}, {"model": "api.category", "pk": "ddf3c8ca-d310-49bb-ace8-f2fa4c846bd0", "fields": {"name": "Necklaces", "description": "Elegant necklaces and pendants", "slug": "necklaces"}}, {"model": "api.category", "pk": "e50a26a6-1743-4dac-82bf-69732f2e6bdc", "fields": {"name": "Earrings", "description": "Beautiful earrings and studs", "slug": "earrings"}}, {"model": "api.category", "pk": "e90a692c-a12e-442d-ace1-f0c5d917b8a1", "fields": {"name": "Rings", "description": "Beautiful rings for every occasion", "slug": "rings"}}, {"model": "api.subcategory", "pk": "16620181-a0a9-4ad7-a70f-563a28748419", "fields": {"name": "silver ring", "category": "a8870dc9-adbc-481f-97a6-7e1b0b9fded8", "slug": "silver-ring"}}, {"model": "api.subcategory", "pk": "1c1c42a3-5cb9-499d-92c6-cf3584cd2933", "fields": {"name": "Engagement Rings", "category": "e90a692c-a12e-442d-ace1-f0c5d917b8a1", "slug": "engagement-rings"}}, {"model": "api.subcategory", "pk": "3a3556c7-6f4f-4783-885b-55c8d5ca3f6b", "fields": {"name": "Fashion Rings", "category": "e90a692c-a12e-442d-ace1-f0c5d917b8a1", "slug": "fashion-rings"}}, {"model": "api.subcategory", "pk": "42e49eb3-c441-46aa-b09e-b4738f64c4db", "fields": {"name": "Gold Necklaces", "category": "ddf3c8ca-d310-49bb-ace8-f2fa4c846bd0", "slug": "gold-necklaces"}}, {"model": "api.subcategory", "pk": "566ac2d8-c615-4c83-b51a-4c563a2a94f7", "fields": {"name": "Silver Necklaces", "category": "ddf3c8ca-d310-49bb-ace8-f2fa4c846bd0", "slug": "silver-necklaces"}}, {"model": "api.subcategory", "pk": "7223a99a-75d6-4f9f-a713-3afc575a2893", "fields": {"name": "Gold Bracelets", "category": "b9062202-0d46-4126-a478-d5a9f085d1a4", "slug": "gold-bracelets"}}, {"model": "api.subcategory", "pk": "82c85c59-333b-4781-86c7-7f440efafc9d", "fields": {"name": "Silver Bracelets", "category": "b9062202-0d46-4126-a478-d5a9f085d1a4", "slug": "silver-bracelets"}}, {"model": "api.subcategory", "pk": "ab352ad9-d261-4f6d-a856-a6bf81feec7f", "fields": {"name": "Stud Earrings", "category": "e50a26a6-1743-4dac-82bf-69732f2e6bdc", "slug": "stud-earrings"}}, {"model": "api.subcategory", "pk": "b34374b4-e958-43a0-9489-9103fb511283", "fields": {"name": "Wedding Rings", "category": "e90a692c-a12e-442d-ace1-f0c5d917b8a1", "slug": "wedding-rings"}}, {"model": "api.subcategory", "pk": "ca8a0c90-e178-4a50-a749-ad71fe7e44e1", "fields": {"name": "Hoop Earrings", "category": "e50a26a6-1743-4dac-82bf-69732f2e6bdc", "slug": "hoop-earrings"}}, {"model": "api.subcategory", "pk": "d34b32b1-8dce-47ed-a54b-635c43befe53", "fields": {"name": "Charm Bracelets", "category": "b9062202-0d46-4126-a478-d5a9f085d1a4", "slug": "charm-bracelets"}}, {"model": "api.subcategory", "pk": "e53287b2-10cc-4bad-b254-eaac62a6a932", "fields": {"name": "Pearl Necklaces", "category": "ddf3c8ca-d310-49bb-ace8-f2fa4c846bd0", "slug": "pearl-necklaces"}}, {"model": "api.subcategory", "pk": "e977ddcf-a726-41e6-bac4-d30f7650d962", "fields": {"name": "Drop Earrings", "category": "e50a26a6-1743-4dac-82bf-69732f2e6bdc", "slug": "drop-earrings"}}, {"model": "api.jewelryitem", "pk": "1fd94f07-22fb-4038-8b59-a61a84d676f6", "fields": {"name": "Sterling Silver Pendant", "description": "Beautiful silver pendant with heart design", "price": "89.99", "category": "ddf3c8ca-d310-49bb-ace8-f2fa4c846bd0", "subcategory": "566ac2d8-c615-4c83-b51a-4c563a2a94f7", "weight": "5.20", "image_url": "https://images.unsplash.com/photo-1506630448388-4e683c67ddb0?w=400", "slug": "sterling-silver-pendant", "created_at": "2025-07-10T13:32:45.165Z", "updated_at": "2025-07-10T13:32:45.165Z", "is_active": true}}, {"model": "api.jewelryitem", "pk": "447cdc8e-11af-4b34-ab31-78361ac25762", "fields": {"name": "gold necl", "description": "scscsddcascasdscasc", "price": "230.00", "category": "ddf3c8ca-d310-49bb-ace8-f2fa4c846bd0", "subcategory": "e53287b2-10cc-4bad-b254-eaac62a6a932", "weight": "25.00", "image_url": "https://res.cloudinary.com/dzw2iow1i/image/upload/v1752176807/jewelry_1752176807.gif", "slug": "gold-necl", "created_at": "2025-07-10T19:46:50.714Z", "updated_at": "2025-07-10T19:46:50.714Z", "is_active": true}}, {"model": "api.jewelryitem", "pk": "4d4b22f5-48c2-46f1-b6b0-f86a05b0eb90", "fields": {"name": "Silver Cuff Bracelet", "description": "Modern sterling silver cuff with geometric design", "price": "129.99", "category": "b9062202-0d46-4126-a478-d5a9f085d1a4", "subcategory": "82c85c59-333b-4781-86c7-7f440efafc9d", "weight": "15.20", "image_url": "https://images.unsplash.com/photo-1506630448388-4e683c67ddb0?w=400", "slug": "silver-cuff-bracelet", "created_at": "2025-07-10T13:32:45.181Z", "updated_at": "2025-07-10T13:32:45.181Z", "is_active": true}}, {"model": "api.jewelryitem", "pk": "4d4b7830-6f0f-4bde-aff9-669f77b2a34d", "fields": {"name": "Gold Hoop Earrings", "description": "Medium size gold hoop earrings, perfect for everyday wear", "price": "199.99", "category": "e50a26a6-1743-4dac-82bf-69732f2e6bdc", "subcategory": "ca8a0c90-e178-4a50-a749-ad71fe7e44e1", "weight": "3.80", "image_url": "https://images.unsplash.com/photo-1515562141207-7a88fb7ce338?w=400", "slug": "gold-hoop-earrings", "created_at": "2025-07-10T13:32:45.195Z", "updated_at": "2025-07-10T13:32:45.195Z", "is_active": true}}, {"model": "api.jewelryitem", "pk": "66c4fd89-378e-48d1-9cf9-5bbe0b11ab21", "fields": {"name": "Gold Tennis Bracelet", "description": "Elegant gold tennis bracelet with crystal stones", "price": "799.99", "category": "b9062202-0d46-4126-a478-d5a9f085d1a4", "subcategory": "7223a99a-75d6-4f9f-a713-3afc575a2893", "weight": "8.50", "image_url": "https://images.unsplash.com/photo-1515562141207-7a88fb7ce338?w=400", "slug": "gold-tennis-bracelet", "created_at": "2025-07-10T13:32:45.176Z", "updated_at": "2025-07-10T13:32:45.176Z", "is_active": true}}, {"model": "api.jewelryitem", "pk": "a535b098-cbb2-4bb0-8ec1-c7a5f4d99571", "fields": {"name": "Classic Gold Wedding Band", "description": "Timeless 14k gold wedding band with smooth finish", "price": "899.99", "category": "e90a692c-a12e-442d-ace1-f0c5d917b8a1", "subcategory": "b34374b4-e958-43a0-9489-9103fb511283", "weight": "4.50", "image_url": "https://images.unsplash.com/photo-1605100804763-247f67b3557e?w=400", "slug": "classic-gold-wedding-band", "created_at": "2025-07-10T13:32:45.143Z", "updated_at": "2025-07-10T13:32:45.143Z", "is_active": true}}, {"model": "api.jewelryitem", "pk": "afc6c4ec-5f8e-4783-8dcc-a15277c5cb4d", "fields": {"name": "Diamond Solitaire Ring", "description": "Elegant 1 carat diamond engagement ring in platinum setting", "price": "2499.99", "category": "e90a692c-a12e-442d-ace1-f0c5d917b8a1", "subcategory": "1c1c42a3-5cb9-499d-92c6-cf3584cd2933", "weight": "3.20", "image_url": "https://images.unsplash.com/photo-1515562141207-7a88fb7ce338?w=400", "slug": "diamond-solitaire-ring", "created_at": "2025-07-10T13:32:45.149Z", "updated_at": "2025-07-10T13:32:45.149Z", "is_active": true}}, {"model": "api.jewelryitem", "pk": "c83a03b8-ab80-4b46-97c3-0a9eef190540", "fields": {"name": "Diamond Stud Earrings", "description": "Classic diamond stud earrings in white gold", "price": "1299.99", "category": "e50a26a6-1743-4dac-82bf-69732f2e6bdc", "subcategory": "ab352ad9-d261-4f6d-a856-a6bf81feec7f", "weight": "1.50", "image_url": "https://images.unsplash.com/photo-1605100804763-247f67b3557e?w=400", "slug": "diamond-stud-earrings", "created_at": "2025-07-10T13:32:45.187Z", "updated_at": "2025-07-10T13:32:45.187Z", "is_active": true}}, {"model": "api.jewelryitem", "pk": "ce4f5451-0768-49e7-8af3-d2f145d6acf5", "fields": {"name": "Vintage Style Fashion Ring", "description": "Art deco inspired ring with cubic zirconia stones", "price": "149.99", "category": "e90a692c-a12e-442d-ace1-f0c5d917b8a1", "subcategory": "3a3556c7-6f4f-4783-885b-55c8d5ca3f6b", "weight": "2.80", "image_url": "https://images.unsplash.com/photo-1506630448388-4e683c67ddb0?w=400", "slug": "vintage-style-fashion-ring", "created_at": "2025-07-10T13:32:45.154Z", "updated_at": "2025-07-10T13:32:45.154Z", "is_active": true}}, {"model": "api.jewelryitem", "pk": "d046d991-5d0f-421a-bc5e-536ad74da081", "fields": {"name": "kdsdbvsdbvd", "description": "bdffbdfb", "price": "23552.00", "category": "a8870dc9-adbc-481f-97a6-7e1b0b9fded8", "subcategory": "16620181-a0a9-4ad7-a70f-563a28748419", "weight": "222.00", "image_url": "https://picsum.photos/200", "slug": "kdsdbvsdbvd", "created_at": "2025-07-07T20:25:17.650Z", "updated_at": "2025-07-10T14:41:41.696Z", "is_active": true}}, {"model": "api.jewelryitem", "pk": "f628d065-a4c6-4563-837f-ff0ae9c46916", "fields": {"name": "Pearl Strand Necklace", "description": "Classic white freshwater pearl necklace", "price": "299.99", "category": "ddf3c8ca-d310-49bb-ace8-f2fa4c846bd0", "subcategory": "e53287b2-10cc-4bad-b254-eaac62a6a932", "weight": "15.00", "image_url": "https://images.unsplash.com/photo-1605100804763-247f67b3557e?w=400", "slug": "pearl-strand-necklace", "created_at": "2025-07-10T13:32:45.170Z", "updated_at": "2025-07-10T13:32:45.170Z", "is_active": true}}, {"model": "api.jewelryitem", "pk": "f8b09504-adfd-430c-8732-fc1e62af1548", "fields": {"name": "Gold Chain Necklace", "description": "18k gold chain necklace, 18 inches", "price": "599.99", "category": "ddf3c8ca-d310-49bb-ace8-f2fa4c846bd0", "subcategory": "42e49eb3-c441-46aa-b09e-b4738f64c4db", "weight": "12.50", "image_url": "https://images.unsplash.com/photo-1515562141207-7a88fb7ce338?w=400", "slug": "gold-chain-necklace", "created_at": "2025-07-10T13:32:45.160Z", "updated_at": "2025-07-10T13:32:45.160Z", "is_active": true}}, {"model": "api.cart", "pk": "5a00b56f-2b6f-4c49-999a-c0d50bc0f81d", "fields": {"user": 6, "created_at": "2025-07-10T13:45:48.719Z", "updated_at": "2025-07-10T13:45:48.719Z"}}, {"model": "api.cart", "pk": "630efed3-7135-4d05-914c-93fd7ecf2bcf", "fields": {"user": 7, "created_at": "2025-07-10T14:31:20.540Z", "updated_at": "2025-07-10T14:31:20.540Z"}}, {"model": "api.order", "pk": "09d183a0-ab95-4c03-870b-c903f8b05d50", "fields": {"user": 6, "total_amount": "24451.99", "status": "completed", "created_at": "2025-07-10T20:23:52.436Z", "updated_at": "2025-07-10T20:50:35.917Z"}}, {"model": "api.orderitem", "pk": "01568107-9fbb-483e-8c00-f694f8c8837e", "fields": {"order": "09d183a0-ab95-4c03-870b-c903f8b05d50", "jewelry_item": "a535b098-cbb2-4bb0-8ec1-c7a5f4d99571", "quantity": 1}}, {"model": "api.orderitem", "pk": "c75d604f-3ba3-4f16-829a-9fbfe8204273", "fields": {"order": "09d183a0-ab95-4c03-870b-c903f8b05d50", "jewelry_item": "d046d991-5d0f-421a-bc5e-536ad74da081", "quantity": 1}}, {"model": "api.review", "pk": "0dcb4277-9684-4d3d-b54f-ae4da5e40b35", "fields": {"user": 6, "jewelry_item": "d046d991-5d0f-421a-bc5e-536ad74da081", "rating": 5, "comment": "dffvdfdv", "created_at": "2025-07-10T15:36:59.470Z"}}, {"model": "api.review", "pk": "1000bcbe-35bf-4fdd-a9b5-9eba6960c937", "fields": {"user": 7, "jewelry_item": "d046d991-5d0f-421a-bc5e-536ad74da081", "rating": 3, "comment": "svsddvsdv", "created_at": "2025-07-10T15:32:05.826Z"}}, {"model": "api.review", "pk": "53eb9b47-b204-4997-8db1-ce238d76941b", "fields": {"user": 3, "jewelry_item": "a535b098-cbb2-4bb0-8ec1-c7a5f4d99571", "rating": 2, "comment": "ascasc", "created_at": "2025-07-10T15:30:25.308Z"}}, {"model": "api.review", "pk": "92063096-eab6-4b63-8ca3-73f1f7842912", "fields": {"user": 6, "jewelry_item": "afc6c4ec-5f8e-4783-8dcc-a15277c5cb4d", "rating": 5, "comment": "zsscasc", "created_at": "2025-07-10T17:58:13.633Z"}}, {"model": "api.review", "pk": "e237898f-c37d-4114-9db9-c30ce53e2ff7", "fields": {"user": 6, "jewelry_item": "a535b098-cbb2-4bb0-8ec1-c7a5f4d99571", "rating": 5, "comment": "sdvsdv", "created_at": "2025-07-10T17:59:21.723Z"}}, {"model": "api.review", "pk": "fe073ac7-3609-44aa-b031-c5634ae43b7b", "fields": {"user": 7, "jewelry_item": "a535b098-cbb2-4bb0-8ec1-c7a5f4d99571", "rating": 3, "comment": "bsdrhbhdh", "created_at": "2025-07-10T15:24:46.456Z"}}, {"model": "accounts.customuser", "pk": 1, "fields": {"password": "", "last_login": null, "is_superuser": false, "auth0_id": "google-oauth2|102062051225032382863", "email": "sourishchanra@gmail.com", "profile_picture": "https://lh3.googleusercontent.com/a/ACg8ocI0FHBScCWQR0TcNpt4yniBGwU82SJKLx-tP5UGV-k9r8q3nmVB=s96-c", "name": "study material", "phone_number": null, "date_of_birth": null, "bio": null, "is_premium": false, "prefernce": {}, "is_active": true, "is_staff": false, "created_at": "2025-07-07T14:22:08.381Z", "updated_at": "2025-07-07T14:22:08.382Z", "role": "customer", "groups": [], "user_permissions": []}}, {"model": "accounts.customuser", "pk": 2, "fields": {"password": "pbkdf2_sha256$1000000$hLlbD3Xa09778MzBdRWz48$n+WStVddEbzAt2cyNPEjVHHHB+D1pdfPwLqwluZp8I0=", "last_login": "2025-07-07T20:23:35.212Z", "is_superuser": true, "auth0_id": "google-oauth2|103929560016556979372", "email": "cse22100@gmail.com", "profile_picture": "https://lh3.googleusercontent.com/a/ACg8ocICBqirD0PNjnQVRwMLwKWDcHZmz7H86Y_cDTjlMuk5OCLRlws=s96-c", "name": "cse", "phone_number": "8900370850", "date_of_birth": "2004-03-14", "bio": "I am Him", "is_premium": false, "prefernce": {}, "is_active": true, "is_staff": true, "created_at": "2025-07-07T14:26:28.276Z", "updated_at": "2025-07-10T20:21:59.493Z", "role": "customer", "groups": [], "user_permissions": []}}, {"model": "accounts.customuser", "pk": 3, "fields": {"password": "", "last_login": null, "is_superuser": false, "auth0_id": "google-oauth2|113140667199286645346", "email": "sourishchandra08@gmail.com", "profile_picture": "https://lh3.googleusercontent.com/a/ACg8ocLwh00lttYF_EZ67BU1cnXnoNTdllSJl5AUkIPZjRsKlXdVLADp=s96-c", "name": "SOURISH CHANDRA", "phone_number": "8900370850", "date_of_birth": "2025-07-07", "bio": "pojjbpodjpobm", "is_premium": false, "prefernce": {}, "is_active": true, "is_staff": false, "created_at": "2025-07-07T14:33:21.382Z", "updated_at": "2025-07-07T14:44:42.932Z", "role": "customer", "groups": [], "user_permissions": []}}, {"model": "accounts.customuser", "pk": 4, "fields": {"password": "", "last_login": null, "is_superuser": false, "auth0_id": "google-oauth2|109327606636782794844", "email": "cse22100@iiitkalyani.ac.in", "profile_picture": "https://lh3.googleusercontent.com/a/ACg8ocJy0ZH42dsQPYSH2gggIwXVxDCoVJbat5u2hRxwsjKt-4Jqwapa=s96-c", "name": "SOURISH CHANDRA", "phone_number": "8900370850", "date_of_birth": "2025-07-05", "bio": "khfkjv mhtyfc", "is_premium": false, "prefernce": {}, "is_active": true, "is_staff": false, "created_at": "2025-07-07T14:46:44.983Z", "updated_at": "2025-07-07T14:49:14.203Z", "role": "customer", "groups": [], "user_permissions": []}}, {"model": "accounts.customuser", "pk": 5, "fields": {"password": "", "last_login": null, "is_superuser": false, "auth0_id": "auth0|686c528e2faff28afa2a6431", "email": "sonai123rupai@gmail.com", "profile_picture": "https://s.gravatar.com/avatar/3daa3acf4b8108a70bc292db46049823?s=480&r=pg&d=https%3A%2F%2Fcdn.auth0.com%2Favatars%2Fso.png", "name": "sonai123rupai@gmail.com", "phone_number": null, "date_of_birth": null, "bio": null, "is_premium": false, "prefernce": {}, "is_active": true, "is_staff": false, "created_at": "2025-07-07T23:04:53.990Z", "updated_at": "2025-07-10T13:36:53.259Z", "role": "owner", "groups": [], "user_permissions": []}}, {"model": "accounts.customuser", "pk": 6, "fields": {"password": "pbkdf2_sha256$1000000$BK8WeuW9wgas8lv6MaGVoU$ncntTDoV5+BUGN+fX3Aa72KZNUY20NcokDILJIdy7s8=", "last_login": "2025-07-10T14:21:52.303Z", "is_superuser": false, "auth0_id": "auth0|686fc4002ec3040272b56f0d", "email": "romeo@gmail.com", "profile_picture": "https://s.gravatar.com/avatar/7945d15f7b27dd56de1ee419ac7fd2c2?s=480&r=pg&d=https%3A%2F%2Fcdn.auth0.com%2Favatars%2Fro.png", "name": "romeo@gmail.com", "phone_number": "8900370850", "date_of_birth": "2004-03-14", "bio": "dsdvsdvdsv", "is_premium": false, "prefernce": {}, "is_active": true, "is_staff": false, "created_at": "2025-07-10T13:45:48.713Z", "updated_at": "2025-07-10T20:24:11.684Z", "role": "owner", "groups": [], "user_permissions": []}}, {"model": "accounts.customuser", "pk": 7, "fields": {"password": "pbkdf2_sha256$1000000$L1nHcTRgdd3wkddop71HmE$s0jyFvXelDt5Jb+keDQpWIJvzZiBBQoq0ohOJaoqoto=", "last_login": "2025-07-11T10:04:52.945Z", "is_superuser": true, "auth0_id": "12345678", "email": "123@gmail.com", "profile_picture": null, "name": null, "phone_number": null, "date_of_birth": null, "bio": null, "is_premium": false, "prefernce": {}, "is_active": true, "is_staff": true, "created_at": "2025-07-10T14:31:20.533Z", "updated_at": "2025-07-10T14:31:20.533Z", "role": "customer", "groups": [], "user_permissions": []}}]